{
  "generated_at_utc": "2026-04-11T04:32:01.584908+00:00",
  "parameters": {
    "k": 11,
    "v": 2,
    "t": 3,
    "n": 11,
    "total_targets": 1320
  },
  "enumeration": {
    "scanned_seeds": 924,
    "expected_balanced_seeds": 924
  },
  "best_position": {
    "covered": 1265,
    "missing": 55,
    "pct": 95.83333333333333,
    "num_seeds": 44,
    "seeds": [
      [
        0,
        0,
        0,
        1,
        0,
        0,
        1,
        0,
        1,
        1,
        1
      ],
      [
        0,
        0,
        0,
        1,
        1,
        1,
        0,
        1,
        0,
        0,
        1
      ],
      [
        0,
        0,
        1,
        0,
        0,
        0,
        1,
        1,
        1,
        0,
        1
      ],
      [
        0,
        0,
        1,
        0,
        0,
        1,
        0,
        1,
        1,
        1,
        0
      ],
      [
        0,
        0,
        1,
        0,
        1,
        1,
        1,
        0,
        0,
        0,
        1
      ],
      [
        0,
        0,
        1,
        1,
        1,
        0,
        1,
        0,
        0,
        1,
        0
      ],
      [
        0,
        1,
        0,
        0,
        0,
        1,
        1,
        1,
        0,
        1,
        0
      ],
      [
        0,
        1,
        0,
        0,
        1,
        0,
        0,
        0,
        1,
        1,
        1
      ],
      [
        0,
        1,
        0,
        0,
        1,
        0,
        1,
        1,
        1,
        0,
        0
      ],
      [
        0,
        1,
        0,
        1,
        1,
        1,
        0,
        0,
        0,
        1,
        0
      ],
      [
        0,
        1,
        1,
        1,
        0,
        0,
        0,
        1,
        0,
        0,
        1
      ],
      [
        0,
        1,
        1,
        1,
        0,
        1,
        0,
        0,
        1,
        0,
        0
      ],
      [
        1,
        0,
        0,
        0,
        1,
        0,
        0,
        1,
        0,
        1,
        1
      ],
      [
        1,
        0,
        0,
        0,
        1,
        1,
        1,
        0,
        1,
        0,
        0
      ],
      [
        1,
        0,
        0,
        1,
        0,
        0,
        0,
        1,
        1,
        1,
        0
      ],
      [
        1,
        0,
        0,
        1,
        0,
        1,
        1,
        1,
        0,
        0,
        0
      ],
      [
        1,
        0,
        1,
        0,
        0,
        1,
        0,
        0,
        0,
        1,
        1
      ],
      [
        1,
        0,
        1,
        1,
        1,
        0,
        0,
        0,
        1,
        0,
        0
      ],
      [
        1,
        1,
        0,
        0,
        0,
        1,
        0,
        0,
        1,
        0,
        1
      ],
      [
        1,
        1,
        0,
        1,
        0,
        0,
        1,
        0,
        0,
        0,
        1
      ],
      [
        1,
        1,
        1,
        0,
        0,
        0,
        1,
        0,
        0,
        1,
        0
      ],
      [
        1,
        1,
        1,
        0,
        1,
        0,
        0,
        1,
        0,
        0,
        0
      ],
      [
        0,
        0,
        0,
        1,
        0,
        1,
        1,
        0,
        1,
        1,
        1
      ],
      [
        0,
        0,
        0,
        1,
        1,
        1,
        0,
        1,
        1,
        0,
        1
      ],
      [
        0,
        0,
        1,
        0,
        1,
        1,
        0,
        1,
        1,
        1,
        0
      ],
      [
        0,
        0,
        1,
        1,
        1,
        0,
        1,
        1,
        0,
        1,
        0
      ],
      [
        0,
        1,
        0,
        0,
        0,
        1,
        1,
        1,
        0,
        1,
        1
      ],
      [
        0,
        1,
        0,
        1,
        1,
        0,
        1,
        1,
        1,
        0,
        0
      ],
      [
        0,
        1,
        1,
        0,
        1,
        0,
        0,
        0,
        1,
        1,
        1
      ],
      [
        0,
        1,
        1,
        0,
        1,
        1,
        1,
        0,
        0,
        0,
        1
      ],
      [
        0,
        1,
        1,
        1,
        0,
        0,
        0,
        1,
        0,
        1,
        1
      ],
      [
        0,
        1,
        1,
        1,
        0,
        1,
        1,
        0,
        1,
        0,
        0
      ],
      [
        1,
        0,
        0,
        0,
        1,
        0,
        1,
        1,
        0,
        1,
        1
      ],
      [
        1,
        0,
        0,
        0,
        1,
        1,
        1,
        0,
        1,
        1,
        0
      ],
      [
        1,
        0,
        1,
        0,
        0,
        0,
        1,
        1,
        1,
        0,
        1
      ],
      [
        1,
        0,
        1,
        1,
        0,
        1,
        0,
        0,
        0,
        1,
        1
      ],
      [
        1,
        0,
        1,
        1,
        0,
        1,
        1,
        1,
        0,
        0,
        0
      ],
      [
        1,
        0,
        1,
        1,
        1,
        0,
        0,
        0,
        1,
        0,
        1
      ],
      [
        1,
        1,
        0,
        0,
        0,
        1,
        0,
        1,
        1,
        0,
        1
      ],
      [
        1,
        1,
        0,
        1,
        0,
        0,
        0,
        1,
        1,
        1,
        0
      ],
      [
        1,
        1,
        0,
        1,
        1,
        0,
        1,
        0,
        0,
        0,
        1
      ],
      [
        1,
        1,
        0,
        1,
        1,
        1,
        0,
        0,
        0,
        1,
        0
      ],
      [
        1,
        1,
        1,
        0,
        0,
        0,
        1,
        0,
        1,
        1,
        0
      ],
      [
        1,
        1,
        1,
        0,
        1,
        1,
        0,
        1,
        0,
        0,
        0
      ]
    ]
  },
  "best_full": {
    "covered": 1154,
    "missing": 166,
    "pct": 87.42424242424242,
    "num_seeds": 22,