{
  "generated_at_utc": "2026-04-11T07:03:29.254557+00:00",
  "parameters": {
    "k": 14,
    "v": 2,
    "t": 3,
    "n": 10,
    "total_targets": 2912
  },
  "enumeration": {
    "scanned_seeds": 3432,
    "expected_balanced_seeds": 3432
  },
  "best_position": {
    "covered": 2474,
    "missing": 438,
    "pct": 84.95879120879121,
    "num_seeds": 56,
    "seeds": [
      [
        0,
        0,
        0,
        1,
        0,
        0,
        1,
        1,
        0,
        1,
        0,
        1,
        1,
        1
      ],
      [
        0,
        0,
        0,
        1,
        0,
        1,
        0,
        0,
        1,
        1,
        0,
        1,
        1,
        1
      ],
      [
        0,
        0,
        0,
        1,
        1,
        1,
        0,
        1,
        0,
        1,
        1,
        0,
        0,
        1
      ],
      [
        0,
        0,
        0,
        1,
        1,
        1,
        0,
        1,
        1,
        0,
        0,
        1,
        0,
        1
      ],
      [
        0,
        0,
        1,
        0,
        0,
        0,
        1,
        1,
        1,
        0,
        1,
        0,
        1,
        1
      ],
      [
        0,
        0,
        1,
        0,
        0,
        1,
        1,
        0,
        1,
        0,
        1,
        1,
        1,
        0
      ],
      [
        0,
        0,
        1,
        0,
        1,
        0,
        0,
        0,
        1,
        1,
        1,
        0,
        1,
        1
      ],
      [
        0,
        0,
        1,
        0,
        1,
        0,
        0,
        1,
        1,
        0,
        1,
        1,
        1,
        0
      ],
      [
        0,
        0,
        1,
        1,
        0,
        1,
        0,
        1,
        1,
        1,
        0,
        0,
        0,
        1
      ],
      [
        0,
        0,
        1,
        1,
        0,
        1,
        1,
        1,
        0,
        0,
        0,
        1,
        0,
        1
      ],
      [
        0,
        0,
        1,
        1,
        1,
        0,
        1,
        0,
        1,
        1,
        0,
        0,
        1,
        0
      ],
      [
        0,
        0,
        1,
        1,
        1,
        0,
        1,
        1,
        0,
        0,
        1,
        0,
        1,
        0
      ],
      [
        0,
        1,
        0,
        0,
        0,
        1,
        1,
        1,
        0,
        1,
        0,
        1,
        1,
        0
      ],
      [
        0,
        1,
        0,
        0,
        0,
        1,
        1,
        1,
        0,
        1,
        1,
        0,
        0,
        1
      ],
      [
        0,
        1,
        0,
        0,
        1,
        1,
        0,
        1,
        0,
        1,
        1,
        1,
        0,
        0
      ],
      [
        0,
        1,
        0,
        0,
        1,
        1,
        0,
        1,
        1,
        1,
        0,
        0,
        0,
        1
      ],
      [
        0,
        1,
        0,
        1,
        0,
        0,
        0,
        1,
        1,
        1,
        0,
        1,
        1,
        0
      ],
      [
        0,
        1,
        0,
        1,
        0,
        0,
        1,
        1,
        0,
        1,
        1,
        1,
        0,
        0
      ],
      [
        0,
        1,
        0,
        1,
        1,
        0,
        0,
        1,
        0,
        0,
        0,
        1,
        1,
        1
      ],
      [
        0,
        1,
        0,
        1,
        1,
        1,
        0,
        0,
        0,
        1,
        0,
        0,
        1,
        1
      ],
      [
        0,
        1,
        1,
        0,
        0,
        1,
        0,
        0,
        0,
        1,
        1,
        1,
        0,
        1
      ],
      [
        0,
        1,
        1,
        0,
        0,
        1,
        0,
        1,
        0,
        0,
        0,
        1,
        1,
        1
      ],
      [
        0,
        1,
        1,
        0,
        1,
        0,
        1,
        1,
        1,
        0,
        0,
        0,
        1,
        0
      ],
      [
        0,
        1,
        1,
        0,
        1,
        1,
        1,
        0,
        0,
        0,
        1,
        0,
        1,
        0
      ],
      [
        0,
        1,
        1,
        1,
        0,
        0,
        0,
        1,
        0,
        0,
        1,
        1,
        0,
        1
      ],
      [
        0,
        1,
        1,
        1,
        0,
        0,
        0,
        1,
        0,
        1,
        0,
        0,
        1,
        1
      ],
      [
        0,
        1,
        1,
        1,
        0,
        1,
        0,
        1,
        1,
        0,
        0,
        1,
        0,
        0
      ],
      [
        0,
        1,
        1,
        1,
        0,
        1,
        1,
        0,
        0,
        1,
        0,
        1,
        0,
        0
      ],
      [
        1,
        0,
        0,
        0,
        1,
        0,
        0,
        1,
        1,
        0,
        1,
        0,
        1,
        1
      ],
      [
        1,
        0,
        0,
        0,
        1,
        0,
        1,
        0,
        0,
        1,
        1,
        0,
        1,
        1
      ],
      [
        1,
        0,
        0,
        0,
        1,
        1,
        1,
        0,
        1,
        0,
        1,
        1,
        0,
        0
      ],
      [
        1,
        0,
        0,
        0,
        1,
        1,
        1,
        0,
        1,
        1,
        0,
        0,
        1,
        0
      ],
      [
        1,
        0,
        0,
        1,
        0,
        0,
        0,
        1,
        1,
        1,
        0,
        1,
        0,
        1
      ],
      [
        1,
        0,
        0,
        1,
        0,
        1,
        0,
        0,
        0,
        1,
        1,
        1,
        0,
        1
      ],
      [
        1,
        0,
        0,
        1,
        1,
        0,
        1,
        0,
        1,
        1,
        1,
        0,
        0,
        0
      ],
      [
        1,
        0,
        0,
        1,
        1,
        0,
        1,
        1,
        1,
        0,
        0,
        0,
        1,
        0
      ],
      [
        1,
        0,
        1,
        0,
        0,
        0,
        1,
        1,
        1,
        0,
        1,
        1,
        0,
        0
      ],
      [
        1,
        0,
        1,
        0,
        0,
        1,
        1,
        0,
        1,
        1,
        1,
        0,
        0,
        0
      ],
      [
        1,
        0,
        1,
        0,
        1,
        1,
        0,
        0,
        1,
        0,
        0,
        0,
        1,
        1
      ],
      [
        1,
        0,
        1,
        0,
        1,
        1,
        1,
        0,
        0,
        0,
        1,
        0,
        0,
        1
      ],
      [
        1,
        0,
        1,
        1,
        0,
        0,
        1,
        0,
        0,
        0,
        1,
        1,
        1,
        0
      ],
      [
        1,
        0,
        1,
        1,
        0,
        0,
        1,
        0,
        1,
        0,
        0,
        0,
        1,
        1
      ],
      [
        1,
        0,
        1,
        1,
        1,
        0,
        0,
        0,
        1,
        0,
        0,
        1,
        1,
        0
      ],
      [
        1,
        0,
        1,
        1,
        1,
        0,
        0,
        0,
        1,
        0,
        1,
        0,
        0,
        1
      ],
      [
        1,
        1,
        0,
        0,
        0,
        1,
        0,
        0,
        1,
        1,
        0,
        1,
